{
    "tut_hand_animation": {
        "alpha": 0,
        "animation": {
            "loop": {
                "times": 0,
                "actions": [
                    {
                        "xscale": [
                            1.2,
                            1.2,
                            0
                        ],
                        "yscale": [
                            1.2,
                            1.2,
                            0
                        ],
                        "alpha": [
                            0.0,
                            0.0,
                            0
                        ]
                    },
                    {
                        "alpha": [
                            0.0,
                            1.0,
                            0.375
                        ],
                        "offset": [
                            [
                                20.0,
                                0.0
                            ],
                            [
                                20.0,
                                -55.27499999999998
                            ],
                            0.375
                        ],
                        "rotate": [
                            -19.834806660210237,
                            -19.835245246382378,
                            0.375
                        ],
                        "xscale": [
                            1.1987237616427138,
                            1.1987432926874957,
                            0.375
                        ]
                    },
                    {
                        "offset": [
                            [
                                20.0,
                                -55.27499999999998
                            ],
                            [
                                20.025000000000005684,
                                -55.32499999999999
                            ],
                            0.125
                        ],
                        "rotate": [
                            -19.835245246382378,
                            -19.785206910056164,
                            0.125
                        ],
                        "xscale": [
                            1.1987432926874957,
                            1.198722985782308,
                            0.125
                        ],
                        "yscale": [
                            1.1987381152124734,
                            1.198728150891867,
                            0.125
                        ]
                    },
                    {
                        "offset": [
                            [
                                20.025000000000005684,
                                -55.32499999999999
                            ],
                            [
                                11.9499999999999886,
                                -59.94999999999999
                            ],
                            0.3333333333333333
                        ],
                        "rotate": [
                            -19.785206910056164,
                            -20.000510232128317,
                            0.3333333333333333
                        ],
                        "xscale": [
                            1.198722985782308,
                            1.0,
                            0.3333333333333333
                        ],
                        "yscale": [
                            1.198728150891867,
                            1.0,
                            0.3333333333333333
                        ]
                    },
                    {
                        "offset": [
                            [
                                11.9499999999999886,
                                -59.94999999999999
                            ],
                            [
                                98.45,
                                -21.875
                            ],
                            0.5416666666666666
                        ],
                        "rotate": [
                            -20.000510232128317,
                            19.99968868425664,
                            0.5416666666666666
                        ]
                    },
                    {
                        "offset": [
                            [
                                98.45,
                                -21.875
                            ],
                            [
                                98.175,
                                -16.649999999999977
                            ],
                            0.25
                        ],
                        "rotate": [
                            19.99968868425664,
                            19.835245246382378,
                            0.25
                        ],
                        "xscale": [
                            1.0,
                            1.1987432926874957,
                            0.25
                        ],
                        "yscale": [
                            1.0,
                            1.1987381152124734,
                            0.25
                        ]
                    },
                    {
                        "offset": [
                            [
                                98.175,
                                -16.649999999999977
                            ],
                            [
                                98.2,
                                -15.324999999999989
                            ],
                            0.125
                        ],
                        "rotate": [
                            19.835245246382378,
                            19.79281023893234,
                            0.125
                        ],
                        "xscale": [
                            1.1987432926874957,
                            1.198731572467275,
                            0.125
                        ],
                        "yscale": [
                            1.1987381152124734,
                            1.198731572467275,
                            0.125
                        ]
                    },
                    {
                        "alpha": [
                            1.0,
                            0.0,
                            0.375
                        ],
                        "offset": [
                            [
                                98.2,
                                -15.324999999999989
                            ],
                            [
                                98.15000000000003,
                                29.17500000000001
                            ],
                            0.375
                        ],
                        "rotate": [
                            19.79281023893234,
                            19.835245246382378,
                            0.375
                        ],
                        "xscale": [
                            1.198731572467275,
                            1.1987432926874957,
                            0.375
                        ],
                        "yscale": [
                            1.198731572467275,
                            1.1987381152124734,
                            0.375
                        ]
                    }
                ]
            }
        }
    },
    "tut_moving_dot_animation": {
        "alpha": 0,
        "animation": {
            "loop": {
                "times": 0,
                "actions": [
                    {
                        "alpha": [
                            0.0,
                            0.0,
                            0
                        ],