{
    "achiev_info_panel_burst": {
        "applyTo": {
            "stage": {
                "animation": [
                    {
                        "alpha": [
                            0.0,
                            0.0,
                            0.5
                        ],
                        "offset": [
                            [
                                -255.0,
                                0.0
                            ],
                            [
                                0.0,
                                -55.0
                            ],
                            0.5
                        ]
                    },
                    {
                        "wait": {
                            "delay": 0.20833333333333334
                        }
                    },
                    {
                        "alpha": [
                            0.0,
                            1.0,
                            0.16666666666666666
                        ],
                        "offset": [
                            [
                                0.0,
                                -55.0
                            ],
                            [
                                0.0,
                                0.0
                            ],
                            0.16666666666666666
                        ]
                    }
                ]
            },
            "iconBg": {
                "animation": [
                    {
                        "alpha": [
                            0.23828125,
                            1.0,
                            0.375
                        ]
                    }
                ]
            },
            "title": {
                "animation": [
                    {
                        "alpha": [
                            0.23828125,
                            0.0,
                            0.375
                        ],
                        "offset": [
                            [
                                -255.0,
                                0.0
                            ],
                            [
                                0.0,
                                0.0
                            ],
                            0.375
                        ]
                    },
                    {
                        "alpha": [
                            0.0,
                            1.0,
                            0.5
                        ]
                    }
                ]
            },
            "backgrounds_root": {
                "alpha": 0,
                "animation": [
                    {
                        "alpha": [
                            0.23828125,
                            1.0,
                            0.375
                        ],
                        "offset": [
                            [
                                -255.0,
                                0.0
                            ],
                            [
                                0.0,
                                0.0
                            ],
                            0.375
                        ]
                    }
                ]
            },
            "_none_done": {
                "animation": [
                    {
                        "alpha": [
                            0.23828125,
                            0.0,
                            0.375
                        ],
                        "offset": [
                            [
                                -255.0,
                                0.0
                            ],
                            [
                                0.0,
                                0.0
                            ],
                            0.375
                        ]
                    },
                    {
                        "alpha": [
                            0.0,
                            1.0,
                            0.5
                        ]
                    }
                ]
            },
            "icon": {
                "animation": [
                    {
                        "offset": [
                            [
                                -255.0,
                                -140.0
                            ],
                            [
                                -80.0,
                                -105.0
                            ],
                            0.375
                        ]
                    },
                    {
                        "alpha": [
                            0.0,
                            1.0,
                            0.20833333333333334
                        ],
                        "offset": [
                            [
                                -80.0,
                                -105.0
                            ],
                            [
                                5.5,
                                4.0
                            ],
                            0.20833333333333334
                        ],
                        "xscale": [
                            1.0,
                            0.86395263671875,
                            0.20833333333333334
                        ],
                        "yscale": [
                            1.0,
                            0.86395263671875,
                            0.20833333333333334
                        ]
                    },
                    {
                        "offset": [
                            [
                                5.5,
                                4.0
                            ],
                            [
                                0.0,
                                0.0
                            ],
                            0.20833333333333334
                        ],
                        "xscale": [
                            0.86395263671875,
                            1.0,
                            0.20833333333333334
                        ],
                        "yscale": [
                            0.86395263671875,
                            1.0,
                            0.20833333333333334
                        ]
                    }
                ]
            },
            "_none_light": {
                "animation": [
                    {
                        "alpha": [
                            0.23828125,
                            1.0,
                            0.375
                        ],
                        "offset": [
                            [
                                -259.55,
                                -3.0499999999999545
                            ],
                            [
                                24.875,
                                -17.199999999999932
                            ],
                            0.375
                        ],
                        "rotate": [
                            0,
                            20.000211210719893,
                            0.375
                        ]
                    },
                    {
                        "wait": {
                            "delay": 0.041666666666666664
                        }
                    },
                    {
                        "offset": [
                            [
                                24.875,
                                -17.199999999999932
                            ],
                            [
                                0.0,
                                0.0
                            ],
                            0.4583333333333333
                        ],